,path,state
0,хакатон\Обрезанные\10_11ad3fab-da55-495a-9b8d-ce6bb2955897.png,normal
1,хакатон\Обрезанные\10_1feab980-9c78-42fd-b9d9-0a3d77749ad7.png,normal
2,хакатон\Обрезанные\10_21815ce4-ec26-405d-864d-5c735a4b4623.png,normal
3,хакатон\Обрезанные\10_474c1cba-9677-4343-b3d9-342754cfa51a.png,normal
4,хакатон\Обрезанные\10_5d7c9276-1e73-4f8e-b9de-8dba968ecd88.png,normal
5,хакатон\Обрезанные\10_694fa7ad-7781-4cd7-bd63-7c7ef9f912f6.png,normal
6,хакатон\Обрезанные\10_b5bf1c48-cb82-482d-8436-ac6afc910f6f.png,normal
7,хакатон\Обрезанные\10_de2d4200-2096-4363-8573-85d226ae47b4.png,normal
8,хакатон\Обрезанные\11_130c4b14-7bb5-45c6-87b8-0c1c5f3f0088.png,normal
9,хакатон\Обрезанные\11_38ec2d0f-8ce1-46ec-ae6b-dc4ef3bd3b59.png,normal
10,хакатон\Обрезанные\11_503bc447-d3a0-4c62-b8ab-3af4ab21edc6.png,normal
11,хакатон\Обрезанные\11_6720f788-d5b7-4326-b499-203b94f36343.png,normal
12,хакатон\Обрезанные\11_6db233cd-3d36-4e73-b395-8bb70b3685cf.png,normal
13,хакатон\Обрезанные\11_861951bb-bcf0-4cf7-a13b-9cd50683a0e6.png,normal
14,хакатон\Обрезанные\11_ae3b633f-e508-45ff-b3a4-55cf819a6dcc.png,normal
15,хакатон\Обрезанные\11_d65e5fe0-8077-4de7-92b4-e6af8e1776e7.png,normal
16,хакатон\Обрезанные\13_302fc6f9-332a-4d50-8660-7d224646a9c7.png,normal
17,хакатон\Обрезанные\13_32eced7d-ea6f-47cb-b883-ed54fabd5a13.png,normal
18,хакатон\Обрезанные\13_3c24993e-4f43-4370-a6cf-d2f6360e29a9.png,normal
19,хакатон\Обрезанные\13_49dc7a51-617f-4d85-afb9-2bdb2f331ce7.png,normal
20,хакатон\Обрезанные\13_4daecf37-c704-42ff-bc73-56f49f81247b.png,normal
21,хакатон\Обрезанные\13_53c7c10b-7b4b-4071-8907-d5c0eb93dbaf.png,normal
22,хакатон\Обрезанные\13_5af8e370-313b-4d64-b510-b01a65ae786f.png,normal
23,хакатон\Обрезанные\13_e1e13d51-c272-4af9-9f17-250bb8ca2e0f.png,normal
24,хакатон\Обрезанные\14_0a286bf0-0fc1-40e9-84d1-e4362bae0ff3.png,normal
25,хакатон\Обрезанные\14_18aa73f4-f9c4-4a87-889a-98137eafb2b8.png,normal
26,хакатон\Обрезанные\14_2cf966c0-3f3c-4282-8e5b-583077edca75.png,normal
27,хакатон\Обрезанные\14_5534390d-0d43-4f94-9850-298f517d865f.png,normal
28,хакатон\Обрезанные\14_763902e1-6037-447a-8dc7-d3eaa639312c.png,normal
29,хакатон\Обрезанные\14_8513643a-8f4e-402f-88a2-9bcb5ce29367.png,normal
30,хакатон\Обрезанные\14_9fe5a1f8-a0ff-4e0e-a6b1-35f081aa38c2.png,normal
31,хакатон\Обрезанные\15042_F1x1.png,normal
32,хакатон\Обрезанные\15315_F1x1.png,normal
33,хакатон\Обрезанные\15321_F5x1.png,normal
34,хакатон\Обрезанные\15847_F5x1.png,normal
35,хакатон\Обрезанные\15848_F5x1.png,normal
36,хакатон\Обрезанные\16023_F5x1.png,normal
37,хакатон\Обрезанные\16915_F4x3.png,normal
38,хакатон\Обрезанные\16_1ade6d72-110e-412b-89f2-8fa51967d875.png,normal
39,хакатон\Обрезанные\16_253fc871-0e25-48a5-a5f1-3d12276affd6.png,normal
40,хакатон\Обрезанные\16_3ba6b460-98f1-431f-8baa-630e54de3c25.png,normal
41,хакатон\Обрезанные\16_4e6e1f7d-0f5b-4f0e-8d9b-91afb6c0b51e.png,normal
42,хакатон\Обрезанные\16_60809ed9-44d3-4bbb-a85d-bf5052153999.png,normal
43,хакатон\Обрезанные\16_9ddb93e7-c422-438b-97c6-df30442cde37.png,normal
44,хакатон\Обрезанные\16_a5b6fa6d-ccf7-43f0-b56f-ad81c097400c.png,normal
45,хакатон\Обрезанные\16_ee70e0bf-5a70-4273-b852-4e43ceae500e.png,normal
46,хакатон\Обрезанные\17559_F3x2.png,normal
47,хакатон\Обрезанные\17560_F3x2.png,normal
48,хакатон\Обрезанные\17607_F4x3.png,normal
49,хакатон\Обрезанные\17608_F4x3.png,normal
50,хакатон\Обрезанные\17633_F3_6x1.png,normal
51,хакатон\Обрезанные\17646_F1x1.png,normal
52,хакатон\Обрезанные\17650_F3_6x1.png,normal
53,хакатон\Обрезанные\17680_F3_6x1.png,normal
54,хакатон\Обрезанные\17681_F3_6x1.png,normal
55,хакатон\Обрезанные\17838_F3_6x1.png,normal
56,хакатон\Обрезанные\17839_F3_6x1.png,normal
57,хакатон\Обрезанные\17889_F5x1.png,normal
58,хакатон\Обрезанные\17917_F3_6x1.png,normal
59,хакатон\Обрезанные\17918_F3_6x1.png,normal
60,хакатон\Обрезанные\17950_F3_6x1.png,normal
61,хакатон\Обрезанные\17960_F5x1.png,normal
62,хакатон\Обрезанные\17961_F5x1.png,normal
63,хакатон\Обрезанные\17970_F3_6x1.png,normal
64,хакатон\Обрезанные\17978_F3_6x1.png,normal
65,хакатон\Обрезанные\17979_F3_6x1.png,normal
66,хакатон\Обрезанные\17_281390ee-2c8c-4cf4-9483-822476895964.png,normal
67,хакатон\Обрезанные\17_61371e1c-1d38-4ded-9055-e59f7e053156.png,normal
68,хакатон\Обрезанные\17_73272e40-0e10-40ff-9ec0-db3984ef6660.png,normal
69,хакатон\Обрезанные\17_87f1b34d-f188-439d-bd9f-65188e4cde23.png,normal
70,хакатон\Обрезанные\17_a830aba4-5e44-4a5a-91f4-214a2c094274.png,normal
71,хакатон\Обрезанные\17_c8b386b9-4b55-4a49-9e91-45d987d010d9.png,normal
72,хакатон\Обрезанные\17_d5bb455c-ead6-4d65-bbf1-2905cbd301b6.png,normal
73,хакатон\Обрезанные\17_ef66b84a-5fc7-4634-8d40-862b70f5bb35.png,normal
74,хакатон\Обрезанные\18004_F5x1.png,normal
75,хакатон\Обрезанные\18015_F3_6x1.png,normal
76,хакатон\Обрезанные\18067_F5x1.png,normal
77,хакатон\Обрезанные\18068_F1x1.png,normal
78,хакатон\Обрезанные\18069_F4x3.png,normal
79,хакатон\Обрезанные\18074_F4x3.png,normal
80,хакатон\Обрезанные\18075_F5x1.png,normal
81,хакатон\Обрезанные\18076_F1x1.png,normal
82,хакатон\Обрезанные\18182_F3_6x1.png,normal
83,хакатон\Обрезанные\18183_F3_6x1.png,normal
84,хакатон\Обрезанные\18184_F3_6x1.png,normal
85,хакатон\Обрезанные\18186_F3_6x1.png,normal
86,хакатон\Обрезанные\18202_F3_6x1.png,normal
87,хакатон\Обрезанные\18203_F3_6x1.png,normal
88,хакатон\Обрезанные\18205_F3_6x1.png,normal
89,хакатон\Обрезанные\18206_F1x1.png,normal
90,хакатон\Обрезанные\18207_F3_6x1.png,normal
91,хакатон\Обрезанные\18241_F3_6x1.png,normal
92,хакатон\Обрезанные\18243_F3_6x1.png,normal
93,хакатон\Обрезанные\18244_F1x1.png,normal
94,хакатон\Обрезанные\18283_F4x3.png,normal
95,хакатон\Обрезанные\18284_F5x1.png,normal
96,хакатон\Обрезанные\18285_F1x1.png,normal
97,хакатон\Обрезанные\18310_F5x1.png,normal
98,хакатон\Обрезанные\18311_F5x1.png,normal
99,хакатон\Обрезанные\18322_F3_6x1.png,normal
100,хакатон\Обрезанные\18323_F3_6x1.png,normal
101,хакатон\Обрезанные\18324_F3_6x1.png,normal
102,хакатон\Обрезанные\18325_F3_6x1.png,normal
103,хакатон\Обрезанные\18326_F3_6x1.png,normal
104,хакатон\Обрезанные\18327_F3_6x1.png,normal
105,хакатон\Обрезанные\18330_F4x3.png,normal
106,хакатон\Обрезанные\18331_F4x3.png,normal
107,хакатон\Обрезанные\18332_F4x3.png,normal
108,хакатон\Обрезанные\18333_F4x3.png,normal
109,хакатон\Обрезанные\18334_F5x1.png,normal
110,хакатон\Обрезанные\18335_F5x1.png,normal
111,хакатон\Обрезанные\18336_F5x1.png,normal
112,хакатон\Обрезанные\18337_F5x1.png,normal
113,хакатон\Обрезанные\18338_F1x1.png,normal
114,хакатон\Обрезанные\18339_F1x1.png,normal
115,хакатон\Обрезанные\18340_F1x1.png,normal
116,хакатон\Обрезанные\18341_F1x1.png,normal
117,хакатон\Обрезанные\18342_F3_6x1.png,normal
118,хакатон\Обрезанные\18343_F3_6x1.png,normal
119,хакатон\Обрезанные\18344_F3_6x1.png,normal
120,хакатон\Обрезанные\18345_F3_6x1.png,normal
121,хакатон\Обрезанные\18346_F3_6x1.png,normal
122,хакатон\Обрезанные\18347_F3_6x1.png,normal
123,хакатон\Обрезанные\18348_F3_6x1.png,normal
124,хакатон\Обрезанные\18349_F3_6x1.png,normal
125,хакатон\Обрезанные\18350_F3_6x1.png,normal
126,хакатон\Обрезанные\18351_F3_6x1.png,normal
127,хакатон\Обрезанные\18367_F3_6x1.png,normal
128,хакатон\Обрезанные\18368_F3_6x1.png,normal
129,хакатон\Обрезанные\18375_F3_6x1.png,normal
130,хакатон\Обрезанные\18377_F3x2.png,normal
131,хакатон\Обрезанные\18379_F3_6x1.png,normal
132,хакатон\Обрезанные\18380_F3_6x1.png,normal
133,хакатон\Обрезанные\18381_F3x2.png,normal
134,хакатон\Обрезанные\18382_F3x2.png,normal
135,хакатон\Обрезанные\18387_F5x1.png,normal
136,хакатон\Обрезанные\18395_F3_6x1.png,normal
137,хакатон\Обрезанные\18406_F4x3.png,normal
138,хакатон\Обрезанные\18407_F5x1.png,normal
139,хакатон\Обрезанные\18408_F1x1.png,normal
140,хакатон\Обрезанные\18410_F1x1.png,normal
141,хакатон\Обрезанные\18411_F1x1.png,normal
142,хакатон\Обрезанные\18412_F1x1.png,normal
143,хакатон\Обрезанные\18413_F4x3.png,normal
144,хакатон\Обрезанные\18414_F5x1.png,normal
145,хакатон\Обрезанные\18415_F1x1.png,normal
146,хакатон\Обрезанные\18427_F4x3.png,normal
147,хакатон\Обрезанные\18428_F5x1.png,normal
148,хакатон\Обрезанные\18429_F1x1.png,normal
149,хакатон\Обрезанные\18438_F3_6x1.png,normal
150,хакатон\Обрезанные\18439_F3_6x1.png,normal
151,хакатон\Обрезанные\18440_F4x3.png,normal
152,хакатон\Обрезанные\18441_F5x1.png,normal
153,хакатон\Обрезанные\18442_F1x1.png,normal
154,хакатон\Обрезанные\18443_F1x1.png,normal
155,хакатон\Обрезанные\18444_F4x3.png,normal
156,хакатон\Обрезанные\18445_F5x1.png,normal
157,хакатон\Обрезанные\18446_F3_6x1.png,normal
158,хакатон\Обрезанные\18447_F3_6x1.png,normal
159,хакатон\Обрезанные\18448_F1x1.png,normal
160,хакатон\Обрезанные\18449_F4x3.png,normal
161,хакатон\Обрезанные\18450_F1x1.png,normal
162,хакатон\Обрезанные\18466_F1x1.png,normal
163,хакатон\Обрезанные\18467_F4x3.png,normal
164,хакатон\Обрезанные\18468_F5x1.png,normal
165,хакатон\Обрезанные\18469_F4x3.png,normal
166,хакатон\Обрезанные\18470_F1x1.png,normal
167,хакатон\Обрезанные\18471_F1x1.png,normal
168,хакатон\Обрезанные\18478_F3_6x1.png,normal
169,хакатон\Обрезанные\18479_F3_6x1.png,normal
170,хакатон\Обрезанные\18480_F3_6x1.png,normal
171,хакатон\Обрезанные\18481_F1x1.png,normal
172,хакатон\Обрезанные\18482_F1x1.png,normal
173,хакатон\Обрезанные\18483_F1x1.png,normal
174,хакатон\Обрезанные\18484_F1x1.png,normal
175,хакатон\Обрезанные\18487_F4x3.png,normal
176,хакатон\Обрезанные\18488_F1x1.png,normal
177,хакатон\Обрезанные\18489_F5x1.png,normal
178,хакатон\Обрезанные\18490_F4x3.png,normal
179,хакатон\Обрезанные\18491_F5x1.png,normal
180,хакатон\Обрезанные\18492_F1x1.png,normal
181,хакатон\Обрезанные\18493_F3_6x1.png,normal
182,хакатон\Обрезанные\18494_F3_6x1.png,normal
183,хакатон\Обрезанные\18495_F3_6x1.png,normal
184,хакатон\Обрезанные\18496_F3_6x1.png,normal
185,хакатон\Обрезанные\18497_F1x1.png,normal
186,хакатон\Обрезанные\18498_F5x1.png,normal
187,хакатон\Обрезанные\18499_F4x3.png,normal
188,хакатон\Обрезанные\18500_F3_6x1.png,normal
189,хакатон\Обрезанные\18501_F3_6x1.png,normal
190,хакатон\Обрезанные\18519_F3_6x1.png,normal
191,хакатон\Обрезанные\18520_F3_6x1.png,normal
192,хакатон\Обрезанные\18521_F3_6x1.png,normal
193,хакатон\Обрезанные\18537_F1x1.png,normal
194,хакатон\Обрезанные\18587_F3_6x1.png,normal
195,хакатон\Обрезанные\18588_F3_6x1.png,normal
196,хакатон\Обрезанные\18718_F5x1.png,normal
197,хакатон\Обрезанные\18719_F4x3.png,normal
198,хакатон\Обрезанные\18723_F1x1.png,normal
199,хакатон\Обрезанные\18740_F5x1.png,normal
200,хакатон\Обрезанные\18741_F5x1.png,normal
201,хакатон\Обрезанные\18747_F5x1.png,normal
202,хакатон\Обрезанные\18748_F5x1.png,normal
203,хакатон\Обрезанные\18749_F5x1.png,normal
204,хакатон\Обрезанные\18750_F5x1.png,normal
205,хакатон\Обрезанные\18751_F5x1.png,normal
206,хакатон\Обрезанные\18752_F5x1.png,normal
207,хакатон\Обрезанные\18753_F5x1.png,normal
208,хакатон\Обрезанные\18754_F5x1.png,normal
209,хакатон\Обрезанные\18755_F3_6x1.png,normal
210,хакатон\Обрезанные\18762_F5x1.png,normal
211,хакатон\Обрезанные\18763_F5x1.png,normal
212,хакатон\Обрезанные\18767_F5x1.png,normal
213,хакатон\Обрезанные\18793_F3_6x1.png,normal
214,хакатон\Обрезанные\18794_F3_6x1.png,normal
215,хакатон\Обрезанные\18795_F3_6x1.png,normal
216,хакатон\Обрезанные\18801_F5x1.png,normal
217,хакатон\Обрезанные\18812_F1x1.png,normal
218,хакатон\Обрезанные\18813_F4x3.png,normal
219,хакатон\Обрезанные\18815_F5x1.png,normal
220,хакатон\Обрезанные\18816_F5x1.png,normal
221,хакатон\Обрезанные\18817_F4x3.png,normal
222,хакатон\Обрезанные\18818_F4x3.png,normal
223,хакатон\Обрезанные\18821_F5x1.png,normal
224,хакатон\Обрезанные\18822_F5x1.png,normal
225,хакатон\Обрезанные\18823_F5x1.png,normal
226,хакатон\Обрезанные\18824_F1x1.png,normal
227,хакатон\Обрезанные\18829_F5x1.png,normal
228,хакатон\Обрезанные\18830_F5x1.png,normal
229,хакатон\Обрезанные\18843_F4x3.png,normal
230,хакатон\Обрезанные\18844_F1x1.png,normal
231,хакатон\Обрезанные\18853_F5x1.png,normal
232,хакатон\Обрезанные\18857_F5x1.png,normal
233,хакатон\Обрезанные\18858_F5x1.png,normal
234,хакатон\Обрезанные\18859_F5x1.png,normal
235,хакатон\Обрезанные\18860_F5x1.png,normal
236,хакатон\Обрезанные\18861_F5x1.png,normal
237,хакатон\Обрезанные\18862_F3_6x1.png,normal
238,хакатон\Обрезанные\18863_F3_6x1.png,normal
239,хакатон\Обрезанные\18864_F3_6x1.png,normal
240,хакатон\Обрезанные\18865_F5x1.png,normal
241,хакатон\Обрезанные\18867_F5x1.png,normal
242,хакатон\Обрезанные\18874_F5x1.png,normal
243,хакатон\Обрезанные\18887_F5x1.png,normal
244,хакатон\Обрезанные\18889_F5x1.png,normal
245,хакатон\Обрезанные\18900_F5x1.png,normal
246,хакатон\Обрезанные\18903_F5x1.png,normal
247,хакатон\Обрезанные\18915_F5x1.png,normal
248,хакатон\Обрезанные\18961_F4x3.png,normal
249,хакатон\Обрезанные\18962_F1x1.png,normal
250,хакатон\Обрезанные\18_2cfe9306-78d6-4a39-90dd-3395bd97f44f.png,normal
251,хакатон\Обрезанные\18_69ef9df5-abf2-4e32-ad54-82dfae5bc096.png,normal
252,хакатон\Обрезанные\18_8aa5fcb4-b2ec-4470-8ba2-3ddf226b4dc6.png,normal
253,хакатон\Обрезанные\18_9a52b43c-b8e5-4b3b-91e7-26f7af8612df.png,normal
254,хакатон\Обрезанные\18_a27e4feb-2e3a-4a7d-89bf-6655b83d4972.png,normal
255,хакатон\Обрезанные\18_a9d07e4e-422a-4a16-a86f-9b78ace85205.png,normal
256,хакатон\Обрезанные\18_acb311c8-abcf-4525-bd4c-229785db5e12.png,normal
257,хакатон\Обрезанные\18_cd562ecd-18b5-49df-b4e1-2bd83d0a29ba.png,normal
258,хакатон\Обрезанные\19_35859357-04be-4b6e-8020-68a73efd5843.png,normal
259,хакатон\Обрезанные\19_41d8955b-91fe-40a2-89c1-68f280efed6f.png,normal
260,хакатон\Обрезанные\19_676e3681-d326-4f15-93a1-14425ec7c48f.png,normal
261,хакатон\Обрезанные\19_8d987267-3b95-448a-ba1d-dfdb5ed0c9b1.png,normal
262,хакатон\Обрезанные\19_944afa33-fb55-41f2-83d1-0dfa13e93b71.png,normal
263,хакатон\Обрезанные\19_9bccea8c-6cf6-422b-b383-975798d4e96b.png,normal
264,хакатон\Обрезанные\19_c4ccd78e-4978-4ee3-ac8d-f2d587a4db97.png,normal
265,хакатон\Обрезанные\19_fbaab538-6ce3-4b11-9f5f-9cab3e41912c.png,normal
266,хакатон\Обрезанные\23_3c8d8f9a-5a0a-4644-89c6-4b9781a67970.png,normal
267,хакатон\Обрезанные\23_459562c4-5d7a-4caa-a170-922946213468.png,normal
268,хакатон\Обрезанные\23_623cd68e-16f9-40a7-819a-de1507b7ffda.png,normal
269,хакатон\Обрезанные\23_84e4c83f-f15b-4c34-84e5-d49735024484.png,normal
270,хакатон\Обрезанные\23_945be596-2330-435b-8c1f-45b6555ccbb8.png,normal
271,хакатон\Обрезанные\23_a03a3832-4791-4d9d-bec5-c7f6582e9fa5.png,normal
272,хакатон\Обрезанные\23_b6a0c40d-910d-4210-9e42-334ba96d83f2.png,normal
273,хакатон\Обрезанные\25_38165912-64f4-4ec3-8711-715b8b74becc.png,normal
274,хакатон\Обрезанные\25_581a017b-8932-42a9-bdf4-cc36b343bd14.png,normal
275,хакатон\Обрезанные\25_62e737bc-152e-4958-8293-5b662753ecea.png,normal
276,хакатон\Обрезанные\25_80d69b1c-80c5-4bc2-a605-07e1e1348a68.png,normal
277,хакатон\Обрезанные\25_bfcff957-661e-4663-b91d-eeb9a74f9e53.png,normal
278,хакатон\Обрезанные\25_d88df08f-b958-4d57-9ade-7e8013f4f3b7.png,normal
279,хакатон\Обрезанные\25_d97dac60-edda-441e-8a0d-2d3794c79250.png,normal
280,хакатон\Обрезанные\29_1c42802c-76cf-46d2-9129-992f76500225.png,normal
281,хакатон\Обрезанные\29_a5abf729-07e6-4a10-9550-2a54ab0980ee.png,normal
282,хакатон\Обрезанные\29_bad2a630-f6ee-444e-98bc-dda8ed3be08e.png,normal
283,хакатон\Обрезанные\29_cbbc59b5-0995-4164-a5c2-18f23278c578.png,normal
284,хакатон\Обрезанные\2_38f35448-c324-4f30-ba5b-fa1dda1b132f.png,normal
285,хакатон\Обрезанные\2_418e50a9-c863-4d33-aa76-3c5ce186c2b5.png,normal
286,хакатон\Обрезанные\2_5a45bc51-4396-48af-b586-5d16401a6e27.png,normal
287,хакатон\Обрезанные\2_72f2674e-edbb-4e75-963a-2266d658a346.png,normal
288,хакатон\Обрезанные\2_9489f941-9d29-449a-a50a-c32668371b2d.png,normal
289,хакатон\Обрезанные\30_1695e454-1bc5-4f4b-ab9e-2f2442a28cf7.png,normal
290,хакатон\Обрезанные\30_25ae917d-54e5-4b4b-85d8-db47b7c812b6.png,normal
291,хакатон\Обрезанные\30_2b8fba41-4fc2-4c80-a7b0-d3e87f581d02.png,normal
292,хакатон\Обрезанные\30_58679ed1-f3a6-41a3-8e9a-3f4fbbf0ef04.png,normal
293,хакатон\Обрезанные\30_5b5261dd-7d3b-40bb-bb0d-c6fae73e95d8.png,normal
294,хакатон\Обрезанные\30_7f44375a-9bd5-489f-9195-ea0b8b5c2d91.png,normal
295,хакатон\Обрезанные\30_9ccffd66-900a-42cd-a9b3-96831d4a13d2.png,normal
296,хакатон\Обрезанные\30_d1f6cf17-5c47-4505-8d8d-720efff7772c.png,normal
297,хакатон\Обрезанные\34_4c36b717-68c9-45e7-99d9-bb0d5a03a33e.png,normal
298,хакатон\Обрезанные\34_684c3cfa-01a9-4725-9c08-6327742063be.png,normal
299,хакатон\Обрезанные\34_85c20604-3f20-41b1-a9a4-0d54ba320bad.png,normal
300,хакатон\Обрезанные\34_a4b60f9f-0c70-47b9-b819-6787cb869196.png,normal
301,хакатон\Обрезанные\34_acca7e95-c3a5-4649-8cf9-3bc4501cfde4.png,normal
302,хакатон\Обрезанные\34_b6fce9db-89b8-4463-a1ab-136a19b25304.png,normal
303,хакатон\Обрезанные\34_bf887b56-a777-4f95-9653-f892b2c55d80.png,normal
304,хакатон\Обрезанные\34_eae92e8b-c6db-4b92-967d-40700245ec25.png,normal
305,хакатон\Обрезанные\35_24a6ec5b-b641-4e4e-8295-37ef2eb70106.png,normal
306,хакатон\Обрезанные\35_41d12267-9b2c-4146-bdb9-d04b1a7aa6a7.png,normal
307,хакатон\Обрезанные\35_6f41202b-9873-4922-a4a8-17a464062422.png,normal
308,хакатон\Обрезанные\35_70d6ebee-78d3-4728-93bd-15ec4bf7efdd.png,normal
309,хакатон\Обрезанные\35_9387a48c-3e3a-4981-8ae6-80b68f07e48e.png,normal
310,хакатон\Обрезанные\35_bd3b0e49-67a4-42b3-88c3-cf7655a89472.png,normal
311,хакатон\Обрезанные\35_f8e577da-cd63-4fab-a145-abce9d18971e.png,normal
312,хакатон\Обрезанные\35_fc35cf66-ef98-4b20-af8b-9c88842f9177.png,normal
313,хакатон\Обрезанные\37_734b86a3-4e70-48e6-9c77-89f75be9e567.png,normal
314,хакатон\Обрезанные\37_a55236e3-8b30-4978-8ebb-37a77418596b.png,normal
315,хакатон\Обрезанные\37_c9f6ebce-8f30-4705-9e52-c1db4564afb1.png,normal
316,хакатон\Обрезанные\37_e78498af-6778-47f5-a3c6-32f242040726.png,normal
317,хакатон\Обрезанные\37_eb9b8aa4-f57b-4654-9f5b-36e823400163.png,normal
318,хакатон\Обрезанные\37_f34731d7-eb1c-41d7-b712-35f1c5fd1674.png,normal
319,хакатон\Обрезанные\3_1e435ddf-eec0-4b36-8cd2-368d2b35ab7d.png,normal
320,хакатон\Обрезанные\3_2f0c3d9a-eacb-4eeb-b5f6-e26f0560b385.png,normal
321,хакатон\Обрезанные\3_2fd2faf1-e3d4-4d8a-ac13-15a4c6cd35fb.png,normal
322,хакатон\Обрезанные\3_47cc1ca5-5152-492b-acd7-79bc8def0e97.png,normal
323,хакатон\Обрезанные\3_600551b6-82ed-4126-84de-865bb7b3d9b2.png,normal
324,хакатон\Обрезанные\3_a5716516-73df-4039-8c8d-8b798208a824.png,normal
325,хакатон\Обрезанные\3_b2afef51-fb91-4084-a303-1bb2d7143fb1.png,normal
326,хакатон\Обрезанные\3_e293242a-0da5-488e-9a2b-cb5636c9d001.png,normal
327,хакатон\Обрезанные\40_1a9f95fd-f60b-44a0-aaf2-ad09e8b243c4.png,normal
328,хакатон\Обрезанные\40_29604ee7-3b11-4004-8945-4cb8cc49cc47.png,normal
329,хакатон\Обрезанные\40_50e6a9ec-df40-44cc-a6dc-8c5e25ce6b0f.png,normal
330,хакатон\Обрезанные\40_6f9ae47b-6833-4c36-9a21-5a5d54da0fe5.png,normal
331,хакатон\Обрезанные\40_7c937473-5e24-44c8-925f-b56717ae57b9.png,normal
332,хакатон\Обрезанные\41_24eecfd0-fb70-48be-b197-b692fee159d1.png,normal
333,хакатон\Обрезанные\41_5aaa46aa-292d-4382-a7bb-e0c2d2aa78ea.png,normal
334,хакатон\Обрезанные\41_6f6ca0a3-04d6-4dca-acdd-6a44bf75eb54.png,normal
335,хакатон\Обрезанные\41_8f08944e-9627-4bd2-92f9-d68a3fb15315.png,normal
336,хакатон\Обрезанные\41_9e89e9d6-7ce7-4ad7-accf-3e1e278bb836.png,normal
337,хакатон\Обрезанные\41_b2fdd414-808a-4731-838d-6511cd2927db.png,normal
338,хакатон\Обрезанные\41_be5e13a2-2c45-4cab-8459-006431e8b2df.png,normal
339,хакатон\Обрезанные\41_d9f3c4cb-2e99-4cad-83d2-b273eacae861.png,normal
340,хакатон\Обрезанные\42_148e06a7-1e82-43a7-b35b-71d31f070d66.png,normal
341,хакатон\Обрезанные\42_4b5f5393-cea9-477a-8862-c3c13fafe49d.png,normal
342,хакатон\Обрезанные\42_5177b2d8-9206-49b6-a287-9f87929e48c0.png,normal
343,хакатон\Обрезанные\42_51d30208-873e-466f-8dce-a922e293b168.png,normal
344,хакатон\Обрезанные\42_701b46c9-74a3-447c-84ea-3122e2ad46d2.png,normal
345,хакатон\Обрезанные\42_7b66faed-842d-49a1-b50a-0eac2b8f9227.png,normal
346,хакатон\Обрезанные\42_96ccba88-289a-4fe4-b954-333e8e06a13f.png,normal
347,хакатон\Обрезанные\42_bb5f194d-98e1-4188-9bc3-a1fabff26d46.png,normal
348,хакатон\Обрезанные\5_17614a31-c876-4f1a-a84a-c7635d7660bb.png,normal
349,хакатон\Обрезанные\5_22b586db-3350-48f4-b5e6-5bcff27a5067.png,normal
350,хакатон\Обрезанные\5_42ff799a-ee2a-4401-bae7-d8acf8216a37.png,normal
351,хакатон\Обрезанные\5_ccee3492-c346-4afc-987f-c4b2d9ae845d.png,normal
352,хакатон\Обрезанные\5_d213d2a6-cf6b-472e-97e7-fb2b48206431.png,normal
353,хакатон\Обрезанные\5_d39e503e-1e95-4e01-ad6f-5d1098e96c86.png,normal
354,хакатон\Обрезанные\8_18eee2a0-b176-4634-a4f4-d3d3cb08679a.png,normal
355,хакатон\Обрезанные\8_1b7f3478-54fd-4c50-9f0a-fa1f053c8dea.png,normal
356,хакатон\Обрезанные\8_23e14fa8-06a9-4126-bf48-82849013818a.png,normal
357,хакатон\Обрезанные\8_3318c76d-71f7-423a-aca8-004aa86c7a8f.png,normal
358,хакатон\Обрезанные\8_3e98a35a-4915-4dd6-998e-39de5cc6c878.png,normal
359,хакатон\Обрезанные\8_6e245761-1f31-4f64-beef-3e80ddf0f694.png,normal
360,хакатон\Обрезанные\8_7ad2e62a-4278-4f2b-80b2-1735d709202f.png,normal
361,хакатон\Обрезанные\8_e13949c1-0fb8-48fa-af99-4a0c692763c0.png,normal
362,хакатон\Обрезанные\999_51bfd02f-3040-4818-acce-ecde56b4553d.png,normal
363,хакатон\Обрезанные\999_7bf23d73-3244-41c8-88b5-374479d0645d.png,normal
364,хакатон\Обрезанные\9_204b2b99-11db-4765-b930-b2af6c4e6ecc.png,normal
365,хакатон\Обрезанные\9_20a58cfe-f1ea-4fe8-8e04-c10b1cde2418.png,normal
366,хакатон\Обрезанные\9_336dc546-ad24-46d1-91e7-3ff506dc3541.png,normal
367,хакатон\Обрезанные\9_386c843a-9196-463b-af3e-04a5ef712704.png,normal
368,хакатон\Обрезанные\9_506723e1-129b-406a-9f03-8ac346f88899.png,normal
369,хакатон\Обрезанные\9_7eedf56f-3591-4c57-821c-d14a73984fac.png,normal
370,хакатон\Обрезанные\9_aa959b68-6036-4442-8392-da74922bdb78.png,normal
371,хакатон\Обрезанные\9_b772503e-31b0-4fa7-820d-752b9b9babac.png,normal
372,хакатон\Обрезанные\ocr_result_1757342371 64_ocr_img .png,normal
373,хакатон\Обрезанные\ocr_result_1757342827 39_ocr_img .png,normal
374,хакатон\Обрезанные\ocr_result_1757342875 63_ocr_img .png,normal
375,хакатон\Обрезанные\ocr_result_1757342968 76_ocr_img .png,normal
376,хакатон\Обрезанные\ocr_result_1757343106 58_ocr_img .png,normal
377,хакатон\Обрезанные\Без названия (1).png,normal
378,хакатон\Обрезанные\Без названия (2).png,normal
379,хакатон\Обрезанные\Без названия (4).png,normal
380,хакатон\Обрезанные\загружен124ное (87).png,normal
381,хакатон\Обрезанные\загруженное (100).png,normal
382,хакатон\Обрезанные\загруженное (11) (1).png,normal
383,хакатон\Обрезанные\загруженное (17) (1).png,normal
384,хакатон\Обрезанные\загруженное (2) (1).png,normal
385,хакатон\Обрезанные\загруженное (23) (1).png,normal
386,хакатон\Обрезанные\загруженное (24) (1).png,normal
387,хакатон\Обрезанные\загруженное (25) (1).png,normal
388,хакатон\Обрезанные\загруженное (4) (1).png,normal
389,хакатон\Обрезанные\загруженное (45) (1).png,normal
390,хакатон\Обрезанные\загруженное (46) (1).png,normal
391,хакатон\Обрезанные\загруженное (47) (1).png,normal
392,хакатон\Обрезанные\загруженное (48) (1).png,normal
393,хакатон\Обрезанные\загруженное (49) (1).png,normal
394,хакатон\Обрезанные\загруженное (50) (1).png,normal
395,хакатон\Обрезанные\загруженное (52) (1).png,normal
396,хакатон\Обрезанные\загруженное (53) (1).png,normal
397,хакатон\Обрезанные\загруженное (54) (1).png,normal
398,хакатон\Обрезанные\загруженное (55) (1).png,normal
399,хакатон\Обрезанные\загруженное (56) (1).png,normal
400,хакатон\Обрезанные\загруженное (57) (1).png,normal
401,хакатон\Обрезанные\загруженное (58) (1).png,normal
402,хакатон\Обрезанные\загруженное (60) (1).png,normal
403,хакатон\Обрезанные\загруженное (61) (1).png,normal
404,хакатон\Обрезанные\загруженное (62) (1).png,normal
405,хакатон\Обрезанные\загруженное (63) (1).png,normal
406,хакатон\Обрезанные\загруженное (64) (1).png,normal
407,хакатон\Обрезанные\загруженное (65) (1).png,normal
408,хакатон\Обрезанные\загруженное (66) (1).png,normal
409,хакатон\Обрезанные\загруженное (67) (1).png,normal
410,хакатон\Обрезанные\загруженное (68) (1).png,normal
411,хакатон\Обрезанные\загруженное (69) (1).png,normal
412,хакатон\Обрезанные\загруженное (7) (1).png,normal
413,хакатон\Обрезанные\загруженное (70) (1).png,normal
414,хакатон\Обрезанные\загруженное (72) (1).png,normal
415,хакатон\Обрезанные\загруженное (73) (1).png,normal
416,хакатон\Обрезанные\загруженное (75) (1).png,normal
417,хакатон\Обрезанные\загруженное (76) (1).png,normal
418,хакатон\Обрезанные\загруженное (77) (1).png,normal
419,хакатон\Обрезанные\загруженное (87).png,normal
420,хакатон\Обрезанные\загруженное (90).png,normal
421,хакатон\Обрезанные\загруженное (91).png,normal
422,хакатон\Обрезанные\загруженное (92).png,normal
423,хакатон\Обрезанные\загруженное (93).png,normal
424,хакатон\Обрезанные\загруженное (94).png,normal
425,хакатон\Обрезанные\загруженное (95).png,normal
426,хакатон\Обрезанные\загруженное (96).png,normal
427,хакатон\Обрезанные\загруженное (97).png,normal
428,хакатон\Обрезанные\загруженное (98).png,normal
429,хакатон\Обрезанные\загруженное (99).png,normal
430,хакатон\Обрезанные\загруженное - 2025-09-17T120924.680.png,normal
431,хакатон\Обрезанные\загруженное - 2025-09-17T120927.261.png,normal
432,хакатон\Обрезанные\загруженное - 2025-09-17T120930.014.png,normal
433,хакатон\Обрезанные\загруженное - 2025-09-17T120933.045.png,normal
434,хакатон\Обрезанные\загруженное - 2025-09-17T120935.896.png,normal
435,хакатон\Обрезанные\загруженное - 2025-09-17T120942.845.png,normal
436,хакатон\Обрезанные\загруженное - 2025-09-17T120945.671.png,normal
437,хакатон\Обрезанные\загруженное - 2025-09-30T163012.674.png,normal
438,хакатон\Обрезанные\загруженное - 2025-09-30T163015.693.png,normal
439,хакатон\Обрезанные\загруженное - 2025-09-30T163018.629.png,normal
440,хакатон\Обрезанные\загруженное - 2025-09-30T163030.525.png,normal
441,хакатон\Обрезанные\загруженное - 2025-10-02T103255.703.png,normal
442,хакатон\Обрезанные\загруженное - 2025-10-02T103311.913.png,normal
443,хакатон\Обрезанные\загруженное - 2025-10-02T103316.010.png,normal
0,хакатон\Обрезанные\искажение солнце\18_46a5e699-676b-48bf-8540-ec8f593ca676.png,sun
1,хакатон\Обрезанные\искажение солнце\7_05b111dc-72cf-484d-94ad-c203a74be7b7.png,sun
2,хакатон\Обрезанные\искажение солнце\7_068545c6-ad79-472e-b0fa-e217a288e6c7.png,sun
3,хакатон\Обрезанные\искажение солнце\7_0bfed42b-8397-435d-8431-b7641f99fe58.png,sun
4,хакатон\Обрезанные\искажение солнце\7_416bc766-545e-4dd6-bbb0-48bcbd7d6ae6.png,sun
5,хакатон\Обрезанные\искажение солнце\7_6d151796-a94f-4f3b-a2df-279946fde15b.png,sun
6,хакатон\Обрезанные\искажение солнце\7_8f12602b-992f-4226-aed9-de614576763f.png,sun
7,хакатон\Обрезанные\искажение солнце\7_b6a51a1d-2a40-485b-88cc-fdbb6befd94d.png,sun
8,хакатон\Обрезанные\искажение солнце\7_cdfc9999-c7a6-4e3d-a680-10984ec44798.png,sun
9,хакатон\Обрезанные\искажение солнце\ocr_result_1757342543 3_ocr_img .png,sun
10,хакатон\Обрезанные\искажение солнце\ocr_result_1757342737 43_ocr_img .png,sun
11,хакатон\Обрезанные\искажение солнце\ocr_result_1757343011 46_ocr_img .png,sun
12,хакатон\Обрезанные\искажение солнце\ocr_result_1757343104 80_ocr_img .png,sun
13,хакатон\Обрезанные\искажение солнце\ocr_result_1757343104 92_ocr_img .png,sun
14,хакатон\Обрезанные\искажение солнце\ocr_result_1757343999 65_ocr_img .png,sun
15,хакатон\Обрезанные\искажение солнце\ocr_result_1757344145 6_ocr_img .png,sun
16,хакатон\Обрезанные\искажение солнце\ocr_result_1757345774 20_ocr_img .png,sun
17,хакатон\Обрезанные\искажение солнце\Без названия (3).png,sun
18,хакатон\Обрезанные\искажение солнце\Без названия.png,sun
19,хакатон\Обрезанные\искажение солнце\загруж3ен123ное (87).png,sun
20,хакатон\Обрезанные\искажение солнце\загруженное (51) (1).png,sun
21,хакатон\Обрезанные\искажение солнце\загруженное (59) (1).png,sun
22,хакатон\Обрезанные\искажение солнце\загруженное (74) (1).png,sun
23,хакатон\Обрезанные\искажение солнце\загруженное (84) (1).png,sun
24,хакатон\Обрезанные\искажение солнце\загруженное (89).png,sun
25,хакатон\Обрезанные\искажение солнце\загруженное - 2025-09-17T120939.032.png,sun
26,хакатон\Обрезанные\искажение солнце\загруженное - 2025-09-30T163009.322.png,sun
27,хакатон\Обрезанные\искажение солнце\загруженное 3(60).png,sun
28,хакатон\Обрезанные\искажение солнце\загруженное2 (86).png,sun
29,хакатон\Обрезанные\искажение солнце\загруженное3 (60).png,sun
0,хакатон\Обрезанные\искажение ночь\загружен123ное (87).png,night
1,хакатон\Обрезанные\искажение ночь\загружен124124ное (78).png,night
2,хакатон\Обрезанные\искажение ночь\загруженн1231ое (78).png,night
3,хакатон\Обрезанные\искажение ночь\загруженн124124ое (78).png,night
4,хакатон\Обрезанные\искажение ночь\загруженное (1) (1).png,night
5,хакатон\Обрезанные\искажение ночь\загруженное (10) (1).png,night
6,хакатон\Обрезанные\искажение ночь\загруженное (12) (1).png,night
7,хакатон\Обрезанные\искажение ночь\загруженное (13) (1).png,night
8,хакатон\Обрезанные\искажение ночь\загруженное (14) (1).png,night
9,хакатон\Обрезанные\искажение ночь\загруженное (15) (1).png,night
10,хакатон\Обрезанные\искажение ночь\загруженное (16) (1).png,night
11,хакатон\Обрезанные\искажение ночь\загруженное (18) (1).png,night
12,хакатон\Обрезанные\искажение ночь\загруженное (19) (1).png,night
13,хакатон\Обрезанные\искажение ночь\загруженное (20) (1).png,night
14,хакатон\Обрезанные\искажение ночь\загруженное (21) (1).png,night
15,хакатон\Обрезанные\искажение ночь\загруженное (22) (1).png,night
16,хакатон\Обрезанные\искажение ночь\загруженное (26) (1).png,night
17,хакатон\Обрезанные\искажение ночь\загруженное (27) (1).png,night
18,хакатон\Обрезанные\искажение ночь\загруженное (27) (2).png,night
19,хакатон\Обрезанные\искажение ночь\загруженное (28) (1).png,night
20,хакатон\Обрезанные\искажение ночь\загруженное (29) (1).png,night
21,хакатон\Обрезанные\искажение ночь\загруженное (3) (1).png,night
22,хакатон\Обрезанные\искажение ночь\загруженное (30) (1).png,night
23,хакатон\Обрезанные\искажение ночь\загруженное (31) (1).png,night
24,хакатон\Обрезанные\искажение ночь\загруженное (32) (1).png,night
25,хакатон\Обрезанные\искажение ночь\загруженное (33) (1).png,night
26,хакатон\Обрезанные\искажение ночь\загруженное (34) (1).png,night
27,хакатон\Обрезанные\искажение ночь\загруженное (35) (1).png,night
28,хакатон\Обрезанные\искажение ночь\загруженное (36) (1).png,night
29,хакатон\Обрезанные\искажение ночь\загруженное (37) (1).png,night
30,хакатон\Обрезанные\искажение ночь\загруженное (38) (1).png,night
31,хакатон\Обрезанные\искажение ночь\загруженное (39) (1).png,night
32,хакатон\Обрезанные\искажение ночь\загруженное (5) (1).png,night
33,хакатон\Обрезанные\искажение ночь\загруженное (6) (1).png,night
34,хакатон\Обрезанные\искажение ночь\загруженное (78) (1).png,night
35,хакатон\Обрезанные\искажение ночь\загруженное (79) (1).png,night
36,хакатон\Обрезанные\искажение ночь\загруженное (8) (1).png,night
37,хакатон\Обрезанные\искажение ночь\загруженное (80) (1).png,night
38,хакатон\Обрезанные\искажение ночь\загруженное (81) (1).png,night
39,хакатон\Обрезанные\искажение ночь\загруженное (82) (1).png,night
40,хакатон\Обрезанные\искажение ночь\загруженное (83) (1).png,night
41,хакатон\Обрезанные\искажение ночь\загруженное (85) (1).png,night
42,хакатон\Обрезанные\искажение ночь\загруженное (87) (1).png,night
43,хакатон\Обрезанные\искажение ночь\загруженное (88).png,night
44,хакатон\Обрезанные\искажение ночь\загруженное (9) (1).png,night
45,хакатон\Обрезанные\искажение ночь\загруженное - 2025-09-18T224622.621.png,night
46,хакатон\Обрезанные\искажение ночь\загруженное - 2025-09-18T224704.786.png,night
47,хакатон\Обрезанные\искажение ночь\загруженное - 2025-09-18T224809.546.png,night
48,хакатон\Обрезанные\искажение ночь\загруженное21 (86).png,night
0,хакатон\Обрезанные\контраст\23_83254791-ec7b-4d77-a307-ffc43e873823.png,kontr
1,хакатон\Обрезанные\контраст\25_6a1b2155-0828-4caa-8773-6732f81f7a18.png,kontr
2,хакатон\Обрезанные\контраст\29_0c01bfde-0836-4d08-a41a-06bfe52bbd84.png,kontr
3,хакатон\Обрезанные\контраст\29_16ada708-9b05-4c9e-89de-b7bc8a3ce091.png,kontr
4,хакатон\Обрезанные\контраст\29_18f3bba2-cde2-4a37-a428-9742262de68d.png,kontr
5,хакатон\Обрезанные\контраст\29_c94a9948-8939-4f53-9791-de9bb1fdd066.png,kontr
6,хакатон\Обрезанные\контраст\2_c7248b59-be65-4657-aaa5-9c7fdb9cfdfe.png,kontr
7,хакатон\Обрезанные\контраст\2_cf6594b9-88ad-45a4-9599-d7fbcda2d4b2.png,kontr
8,хакатон\Обрезанные\контраст\37_0e064719-598c-410a-adb1-0bf78ff6b79a.png,kontr
9,хакатон\Обрезанные\контраст\37_87fa06ac-d627-4cbc-ac19-5d354d3d5d62.png,kontr
10,хакатон\Обрезанные\контраст\40_2b349993-fefb-4220-acad-aa7c2affe394.png,kontr
11,хакатон\Обрезанные\контраст\40_687f0fa9-b0fe-489b-ae20-aa3a717d61be.png,kontr
12,хакатон\Обрезанные\контраст\40_7d583d29-f42b-481c-8e24-e51f4b53920a.png,kontr
13,хакатон\Обрезанные\контраст\загруженное (40) (1).png,kontr
14,хакатон\Обрезанные\контраст\загруженное (41) (1).png,kontr
15,хакатон\Обрезанные\контраст\загруженное (42) (1).png,kontr
16,хакатон\Обрезанные\контраст\загруженное (43) (1).png,kontr
17,хакатон\Обрезанные\контраст\загруженное (43) (2).png,kontr
18,хакатон\Обрезанные\контраст\загруженное (44) (1).png,kontr
19,хакатон\Обрезанные\контраст\загруженное (71) (1).png,kontr
20,хакатон\Обрезанные\контраст\загруженное (86) (1).png,kontr
21,хакатон\Обрезанные\контраст\загруженное - 2025-10-02T103303.970.png,kontr
22,хакатон\Обрезанные\контраст\загруженное - 2025-10-02T103308.076.png,kontr
